{
	"info": {
		"_postman_id": "63e36702-8033-49d0-8d53-15e49edc0686",
		"name": "PruebasSoftware-CL1",
		"schema": "https://schema.getpostman.com/json/collection/v2.1.0/collection.json",
		"_exporter_id": "11776215"
	},
	"item": [
		{
			"name": "listarClientes",
			"request": {
				"method": "GET",
				"header": [],
				"url": {
					"raw": "http://localhost:8080/api/v1/cliente",
					"protocol": "http",
					"host": [
						"localhost"
					],
					"port": "8080",
					"path": [
						"api",
						"v1",
						"cliente"
					]
				}
			},
			"response": []
		},
		{
			"name": "obtenerCliente",
			"request": {
				"method": "GET",
				"header": [],
				"url": {
					"raw": "http://localhost:8080/api/v1/cliente/2",
					"protocol": "http",
					"host": [
						"localhost"
					],
					"port": "8080",
					"path": [
						"api",
						"v1",
						"cliente",
						"2"
					]
				}
			},
			"response": []
		},
		{
			"name": "registrarCliente",
			"request": {
				"method": "POST",
				"header": [],
				"body": {
					"mode": "raw",
					"raw": "{\r\n    \"nombre\": \"julio\",\r\n    \"apellidoPaterno\": \"casas\",\r\n    \"apellidoMaterno\": \"salas\",\r\n    \"direccion\": \"mi direccion\",\r\n    \"telefono\": \"987654321\",\r\n    \"tipoCliente\":{\r\n        \"id\": 1,\r\n        \"nombre\": \"Tiempo Completo\"\r\n    }\r\n}",
					"options": {
						"raw": {
							"language": "json"
						}
					}
				},
				"url": {
					"raw": "http://localhost:8080/api/v1/cliente",
					"protocol": "http",
					"host": [
						"localhost"
					],
					"port": "8080",
					"path": [
						"api",
						"v1",
						"cliente"
					]
				}
			},
			"response": []
		},
		{
			"name": "modificarCliente",
			"request": {
				"method": "PUT",
				"header": [],
				"body": {
					"mode": "raw",
					"raw": "{\r\n    \"id\": 2,\r\n    \"nombre\": \"julio\",\r\n    \"apellidoPaterno\": \"casas\",\r\n    \"apellidoMaterno\": \"salas\",\r\n    \"direccion\": \"mi direccion\",\r\n    \"telefono\": \"987654321\",\r\n    \"tipoCliente\":{\r\n        \"id\": 3,\r\n        \"nombre\": \"CAS\"\r\n    }\r\n}",
					"options": {
						"raw": {
							"language": "json"
						}
					}
				},
				"url": {
					"raw": "http://localhost:8080/api/v1/cliente",
					"protocol": "http",
					"host": [
						"localhost"
					],
					"port": "8080",
					"path": [
						"api",
						"v1",
						"cliente"
					]
				}
			},
			"response": []
		},
		{
			"name": "eliminarCliente",
			"request": {
				"method": "DELETE",
				"header": [],
				"url": {
					"raw": "http://localhost:8080/api/v1/cliente/2",
					"protocol": "http",
					"host": [
						"localhost"
					],
					"port": "8080",
					"path": [
						"api",
						"v1",
						"cliente",
						"2"
					]
				}
			},
			"response": []
		}
	]
}